Workbook

Sheet Casos_Prueba
A1: ID | B1: Grupo | C1: Precondición | D1: Mensaje de prueba | E1: Intención esperada | F1: Servicio esperado | G1: Fecha esperada | H1: Hora esperada | I1: Estado esperado | J1: Evento esperado | K1: Ruta/nodos que cubre | L1: Observaciones
A2: TC-001 | B2: Reserva disponible | C2: Sin cita previa en ese horario | D2: Quiero reservar un corte el 2026-06-10 a las 10:00 | E2: reservar | F2: corte | G2: 2026-06-10 | H2: 10:00 | I2: creada | J2: Sí | K2: Ruta completa: disponibilidad libre → historial → riesgo difuso → crear cita → registrar final | L2: Cubre reserva exitosa, Calendar, Sheets y riesgo
A3: TC-002 | B3: Reserva horario ocupado | C3: Ejecutar después de TC-001, mismo horario ocupado | D3: Quiero reservar un corte el 2026-06-10 a las 10:00 | E3: reservar | F3: corte | G3: 2026-06-10 | H3: 10:00 | I3: no_creada_horario_ocupado | J3: No | K3: Verificar disponibilidad → rama ocupado → registrar no disponibilidad | L3: Cubre Mensaje de no disponibilidad
A4: TC-003 | B4: Reserva sin hora | C4: Ninguna | D4: Quiero reservar un corte el 2026-06-11 | E4: reservar | F4: corte | G4: 2026-06-11 | I4: datos_incompletos | J4: No | K4: ¿Tiene fecha y hora? false → pedir hora → registrar datos incompletos | L4: Cubre Solicitar fecha y hora
A5: TC-004 | B5: Reserva sin fecha | C5: Ninguna | D5: Quiero reservar barba a las 15:00 | E5: reservar | F5: barba | H5: 15:00 | I5: datos_incompletos | J5: No | K5: ¿Tiene fecha y hora? false → pedir fecha → registrar datos incompletos | L5: Cubre campo fecha null
A6: TC-005 | B6: Reserva sin servicio explícito | C6: Horario libre | D6: Quiero reservar el 2026-06-11 a las 16:00 | E6: reservar | G6: 2026-06-11 | H6: 16:00 | I6: creada | J6: Sí | K6: Reserva con servicio null/por defecto → duración 30 | L6: Mide robustez del LLM cuando falta servicio
A7: TC-006 | B7: Reserva corte + barba + cejas | C7: Horario libre | D7: Necesito corte barba y cejas el 2026-06-10 a las 12:00 | E7: reservar | F7: corte_barba_cejas | G7: 2026-06-10 | H7: 12:00 | I7: creada | J7: Sí | K7: Servicio triple → duración 50 → Calendar description | L7: Cubre servicio compuesto
A8: TC-007 | B8: Reserva mechas | C8: Horario libre | D8: Quiero hacerme mechas el 2026-06-10 a las 14:00 | E8: reservar | F8: mechas | G8: 2026-06-10 | H8: 14:00 | I8: creada | J8: Sí | K8: Servicio largo → riesgo difuso | L8: Cubre duración 60
A9: TC-008 | B9: Reserva color cabello | C9: Horario libre | D9: Quiero color de cabello el 2026-06-10 a las 15:30 | E9: reservar | F9: color_cabello | G9: 2026-06-10 | H9: 15:30 | I9: creada | J9: Sí | K9: Servicio largo → riesgo difuso | L9: Cubre duración 90
A10: TC-009 | B10: Riesgo por poca anticipación | C10: Probar con una hora libre cercana al momento actual | D10: Quiero corte con barba hoy a las 18:30 | E10: reservar | F10: corte_barba | H10: 18:30 | I10: creada | J10: Sí | K10: Riesgo debería subir por anticipación baja/hora tarde | L10: Ajustar hora si ya pasó
A11: TC-010 | B11: Consulta precios general | C11: Ninguna | D11: ¿Cuánto cuesta el corte y la barba? | E11: precios | I11: consulta_precios | J11: No aplica | K11: Categorizar precios → preparar log precios → responder precios | L11: Cubre rama precios
A12: TC-011 | B12: Consulta precio servicio largo | C12: Ninguna | D12: ¿Cuánto valen las mechas? | E12: precios | F12: mechas | I12: consulta_precios | J12: No aplica | K12: Precios con servicio específico | L12: Mide clasificación de precios
A13: TC-012 | B13: Consulta precios coloquial | C13: Ninguna | D13: Parce, ¿a cómo está el corte? | E13: precios | F13: corte | I13: consulta_precios | J13: No aplica | K13: LLM debe clasificar lenguaje informal | L13: Mide robustez lingüística
A14: TC-013 | B14: Consulta horarios | C14: Ninguna | D14: ¿Qué horarios manejan? | E14: horarios | I14: consulta_horarios | J14: No aplica | K14: Preparar log horarios → registrar → Telegram horarios | L14: Cubre rama horarios
A15: TC-014 | B15: Consulta horarios informal | C15: Ninguna | D15: ¿Hasta qué hora atienden hoy? | E15: horarios | I15: consulta_horarios | J15: No aplica | K15: Horarios con pregunta indirecta | L15: Mide comprensión
A16: TC-015 | B16: Desconocido claro | C16: Ninguna | D16: Hola, tengo una duda rara sobre motos | E16: desconocido | I16: desconocido | J16: No aplica | K16: Preparar log desconocido → registrar → No entender | L16: Cubre rama desconocido
A17: TC-016 | B17: Mensaje vacío/ruido | C17: Ninguna | D17: asdfgh qwerty 123 | E17: desconocido | I17: desconocido | J17: No aplica | K17: LLM debe evitar inventar datos | L17: Mide falsos positivos
A18: TC-017 | B18: Reserva ambigua sin hora exacta | C18: Ninguna | D18: Quiero corte mañana por la tarde | E18: reservar | F18: corte | I18: datos_incompletos | J18: No | K18: Debe conservar reservar pero hora null | L18: Mide no inventar hora
A19: TC-018 | B19: Cancelar cita existente | C19: Tener una cita activa creada por TC-006 o crear una nueva antes | D19: Quiero cancelar mi cita | E19: cancelar | I19: cancelada | J19: Sí, se elimina/cancela | K19: Buscar cita → elegir cita para cancelar → cancelar evento → registrar cancelación | L19: Cubre rama cancelar éxito
A20: TC-019 | B20: Cancelar sin cita | C20: Ejecutar después de TC-019 o usar un chat sin citas activas | D20: Quiero cancelar mi cita | E20: cancelar | I20: no_existe_cita | J20: No | K20: Buscar cita → no encontrada → registrar cancelación sin cita | L20: Cubre Mensaje no encontrar cita
A21: TC-020 | B21: Cambio con nuevo horario libre | C21: Tener una cita activa en el chat | D21: Quiero cambiar mi cita para el 2026-06-11 a las 10:00 | E21: cambiar_hora | G21: 2026-06-11 | H21: 10:00 | I21: cambiada | J21: Sí, mismo evento actualizado | K21: ¿Tiene nuevo horario? true → buscar cita → calcular nuevo horario → disponibilidad nueva → actualizar | L21: Cubre cambio exitoso
A22: TC-021 | B22: Cambio sin nuevo horario | C22: Tener una cita activa o no; no importa | D22: Quiero cambiar mi cita | E22: cambiar_hora | I22: datos_incompletos_cambio | J22: No | K22: ¿Tiene nuevo horario? false → responder para obtener detalles | L22: Cubre cambio sin horario
A23: TC-022 | B23: Cambio con horario ocupado | C23: Crear una cita ocupando el destino 2026-06-11 11:00 | D23: Quiero cambiar mi cita para el 2026-06-11 a las 11:00 | E23: cambiar_hora | G23: 2026-06-11 | H23: 11:00 | I23: no_cambiada_horario_ocupado | J23: No | K23: Consultar disponibilidad nueva hora → false → log horario no libre | L23: Cubre rama cambio ocupado
A24: TC-023 | B24: Cambio sin cita activa | C24: Usar chat sin cita activa o cancelar antes | D24: Quiero cambiar mi cita para el 2026-06-11 a las 12:00 | E24: cambiar_hora | G24: 2026-06-11 | H24: 12:00 | I24: no_existe_cita | J24: No | K24: Buscar cita para cambiar → no encontrada → cambio cita no encontrada | L24: Cubre Mensaje cambio cita no encontrada
A25: TC-024 | B25: Fecha relativa mañana | C25: Ninguna | D25: Quiero un corte mañana a las 9 am | E25: reservar | F25: corte | H25: 09:00 | I25: creada | J25: Sí | K25: LLM calcula fecha relativa con fecha actual Colombia | L25: Verificar fecha detectada manualmente
A26: TC-025 | B26: Fecha relativa pasado mañana | C26: Ninguna | D26: Quiero barba pasado mañana a las 5 pm | E26: reservar | F26: barba | H26: 17:00 | I26: creada | J26: Sí | K26: LLM calcula pasado mañana | L26: Verificar fecha detectada manualmente
A27: TC-026 | B27: Servicio con typo | C27: Ninguna | D27: Quiero un corteee el 2026-06-12 a las 10 | E27: reservar | F27: corte | G27: 2026-06-12 | H27: 10:00 | I27: creada | J27: Sí | K27: Mide tolerancia a errores ortográficos | L27: Puede fallar; útil para efectividad
A28: TC-027 | B28: Cambio de intención en frase larga | C28: Tener cita activa | D28: No puedo a la hora que tenía, mejor cámbiala para el 2026-06-12 a las 13:00 | E28: cambiar_hora | G28: 2026-06-12 | H28: 13:00 | I28: cambiada | J28: Sí | K28: Mide intención cambiar_hora sin palabra exacta cambiar cita | L28: Cubre LLM en lenguaje natural
A29: TC-028 | B29: Cancelación informal | C29: Tener cita activa | D29: Parce cancélame la cita porfa | E29: cancelar | I29: cancelada | J29: Sí | K29: Mide cancelación coloquial | L29: Cubre buscar cita por chat
A30: TC-029 | B30: Consulta no relacionada pero de barbería | C30: Ninguna | D30: ¿Ustedes venden shampoo? | E30: desconocido | I30: desconocido | J30: No aplica | K30: Debe pedir reformulación o informar que solo agenda/precios/horarios | L30: Mide alcance del agente
A31: TC-030 | B31: Secuencia historial cliente | C31: Ejecutar varias reservas/cancelaciones con mismo chat antes | D31: Quiero corte el 2026-06-12 a las 14:00 | E31: reservar | F31: corte | G31: 2026-06-12 | H31: 14:00 | I31: creada | J31: Sí | K31: Obtener historial del chat → Calcular historial cliente → riesgo | L31: Verificar historial_eventos_evaluables > 0
A32: TC-031 | B32: Hora en formato 24h | C32: Ninguna | D32: Reserva corte_cejas el 2026-06-12 a las 18:00 | E32: reservar | F32: corte_cejas | G32: 2026-06-12 | H32: 18:00 | I32: creada | J32: Sí | K32: Mide parsing de 24 horas | L32: Cubre corte_cejas
A33: TC-032 | B33: Servicio cejas corto | C33: Ninguna | D33: Quiero cejas el 2026-06-12 a las 15:00 | E33: reservar | F33: cejas | G33: 2026-06-12 | H33: 15:00 | I33: creada | J33: Sí | K33: Duración 5 minutos | L33: Cubre servicio corto
A34: TC-033 | B34: Servicio barba corto | C34: Ninguna | D34: Quiero barba el 2026-06-12 a las 16:00 | E34: reservar | F34: barba | G34: 2026-06-12 | H34: 16:00 | I34: creada | J34: Sí | K34: Duración 15 minutos | L34: Cubre barba
A35: TC-034 | B35: Mensaje con nombre del cliente | C35: Ninguna | D35: Soy Sergio, quiero corte con barba el 2026-06-12 a las 17:00 | E35: reservar | F35: corte_barba | G35: 2026-06-12 | H35: 17:00 | I35: creada | J35: Sí | K35: Verificar nombre_cliente viene de Telegram/CLI y no rompe extracción | L35: Útil para video

Sheet Registro_Ejecucion
A1: ID | B1: Mensaje probado | C1: Intención esperada | D1: Intención obtenida | E1: Servicio esperado | F1: Servicio obtenido | G1: Estado esperado | H1: Estado obtenido | I1: Evento esperado | J1: Tiempo respuesta ms | K1: Clasificación OK | L1: Servicio OK | M1: Estado OK | N1: Evento OK | O1: Prueba OK | P1: Observaciones
A2: TC-001 | B2: Quiero reservar un corte el 2026-06-10 a las 10:00 | C2: reservar | D2: reservar | E2: corte | F2: corte | G2: creada | H2: creada | I2: Sí | J2: 9058 | K2: =IF(AND(C2<>"",D2<>""),--(C2=D2),"") -> 1 | L2: =IF(E2="",1,IF(F2<>"",--(E2=F2),"")) -> 1 | M2: =IF(AND(G2<>"",H2<>""),--(G2=H2),"") -> 1 | N2: =IF(I2="No aplica",1,IF(I2="No",--(#REF!=""),IF(I2="Sí, mismo evento actualizado",--(#REF!<>""),IF(I2="Sí, se elimina/cancela",--(#REF!<>""),IF(I2="Sí",--(#REF!<>""),""))))) -> #REF! | O2: =IF(COUNT(K2:N2)=0,"",--(SUM(K2:N2)=COUNT(K2:N2))) -> #REF!
A3: TC-002 | B3: Quiero reservar un corte el 2026-06-10 a las 10:00 | C3: reservar | D3: reservar | E3: corte | F3: corte | G3: no_creada_horario_ocupado | H3: no_creada_horario_ocupado | I3: No | J3: 5723 | K3: =IF(AND(C3<>"",D3<>""),--(C3=D3),"") -> 1 | L3: =IF(E3="",1,IF(F3<>"",--(E3=F3),"")) -> 1 | M3: =IF(AND(G3<>"",H3<>""),--(G3=H3),"") -> 1 | N3: =IF(I3="No aplica",1,IF(I3="No",--(#REF!=""),IF(I3="Sí, mismo evento actualizado",--(#REF!<>""),IF(I3="Sí, se elimina/cancela",--(#REF!<>""),IF(I3="Sí",--(#REF!<>""),""))))) -> #REF! | O3: =IF(COUNT(K3:N3)=0,"",--(SUM(K3:N3)=COUNT(K3:N3))) -> #REF!
A4: TC-003 | B4: Quiero reservar un corte el 2026-06-11 | C4: reservar | D4: reservar | E4: corte | F4: corte | G4: datos_incompletos | H4: datos_incompletos | I4: No | J4: 1599 | K4: =IF(AND(C4<>"",D4<>""),--(C4=D4),"") -> 1 | L4: =IF(E4="",1,IF(F4<>"",--(E4=F4),"")) -> 1 | M4: =IF(AND(G4<>"",H4<>""),--(G4=H4),"") -> 1 | N4: =IF(I4="No aplica",1,IF(I4="No",--(#REF!=""),IF(I4="Sí, mismo evento actualizado",--(#REF!<>""),IF(I4="Sí, se elimina/cancela",--(#REF!<>""),IF(I4="Sí",--(#REF!<>""),""))))) -> #REF! | O4: =IF(COUNT(K4:N4)=0,"",--(SUM(K4:N4)=COUNT(K4:N4))) -> #REF!
A5: TC-004 | B5: Quiero reservar barba a las 15:00 | C5: reservar | D5: reservar | E5: barba | F5: barba | G5: datos_incompletos | H5: datos_incompletos | I5: No | J5: 1280 | K5: =IF(AND(C5<>"",D5<>""),--(C5=D5),"") -> 1 | L5: =IF(E5="",1,IF(F5<>"",--(E5=F5),"")) -> 1 | M5: =IF(AND(G5<>"",H5<>""),--(G5=H5),"") -> 1 | N5: =IF(I5="No aplica",1,IF(I5="No",--(#REF!=""),IF(I5="Sí, mismo evento actualizado",--(#REF!<>""),IF(I5="Sí, se elimina/cancela",--(#REF!<>""),IF(I5="Sí",--(#REF!<>""),""))))) -> #REF! | O5: =IF(COUNT(K5:N5)=0,"",--(SUM(K5:N5)=COUNT(K5:N5))) -> #REF!
A6: TC-005 | B6: Quiero reservar el 2026-06-11 a las 16:00 | C6: reservar | D6: reservar | G6: creada | H6: creada | I6: Sí | J6: 7849 | K6: =IF(AND(C6<>"",D6<>""),--(C6=D6),"") -> 1 | L6: =IF(E6="",1,IF(F6<>"",--(E6=F6),"")) -> 1 | M6: =IF(AND(G6<>"",H6<>""),--(G6=H6),"") -> 1 | N6: =IF(I6="No aplica",1,IF(I6="No",--(#REF!=""),IF(I6="Sí, mismo evento actualizado",--(#REF!<>""),IF(I6="Sí, se elimina/cancela",--(#REF!<>""),IF(I6="Sí",--(#REF!<>""),""))))) -> #REF! | O6: =IF(COUNT(K6:N6)=0,"",--(SUM(K6:N6)=COUNT(K6:N6))) -> #REF!
A7: TC-006 | B7: Necesito corte barba y cejas el 2026-06-10 a las 12:00 | C7: reservar | D7: reservar | E7: corte_barba_cejas | F7: corte_barba_cejas | G7: creada | H7: creada | I7: Sí | J7: 7411 | K7: =IF(AND(C7<>"",D7<>""),--(C7=D7),"") -> 1 | L7: =IF(E7="",1,IF(F7<>"",--(E7=F7),"")) -> 1 | M7: =IF(AND(G7<>"",H7<>""),--(G7=H7),"") -> 1 | N7: =IF(I7="No aplica",1,IF(I7="No",--(#REF!=""),IF(I7="Sí, mismo evento actualizado",--(#REF!<>""),IF(I7="Sí, se elimina/cancela",--(#REF!<>""),IF(I7="Sí",--(#REF!<>""),""))))) -> #REF! | O7: =IF(COUNT(K7:N7)=0,"",--(SUM(K7:N7)=COUNT(K7:N7))) -> #REF!
A8: TC-007 | B8: Quiero hacerme mechas el 2026-06-10 a las 14:00 | C8: reservar | D8: reservar | E8: mechas | F8: mechas | G8: creada | H8: creada | I8: Sí | J8: 7344 | K8: =IF(AND(C8<>"",D8<>""),--(C8=D8),"") -> 1 | L8: =IF(E8="",1,IF(F8<>"",--(E8=F8),"")) -> 1 | M8: =IF(AND(G8<>"",H8<>""),--(G8=H8),"") -> 1 | N8: =IF(I8="No aplica",1,IF(I8="No",--(#REF!=""),IF(I8="Sí, mismo evento actualizado",--(#REF!<>""),IF(I8="Sí, se elimina/cancela",--(#REF!<>""),IF(I8="Sí",--(#REF!<>""),""))))) -> #REF! | O8: =IF(COUNT(K8:N8)=0,"",--(SUM(K8:N8)=COUNT(K8:N8))) -> #REF!
A9: TC-008 | B9: Quiero color de cabello el 2026-06-10 a las 15:30 | C9: reservar | D9: reservar | E9: color_cabello | F9: color_cabello | G9: creada | H9: creada | I9: Sí | J9: 8146 | K9: =IF(AND(C9<>"",D9<>""),--(C9=D9),"") -> 1 | L9: =IF(E9="",1,IF(F9<>"",--(E9=F9),"")) -> 1 | M9: =IF(AND(G9<>"",H9<>""),--(G9=H9),"") -> 1 | N9: =IF(I9="No aplica",1,IF(I9="No",--(#REF!=""),IF(I9="Sí, mismo evento actualizado",--(#REF!<>""),IF(I9="Sí, se elimina/cancela",--(#REF!<>""),IF(I9="Sí",--(#REF!<>""),""))))) -> #REF! | O9: =IF(COUNT(K9:N9)=0,"",--(SUM(K9:N9)=COUNT(K9:N9))) -> #REF!
A10: TC-009 | B10: Quiero corte con barba hoy a las 18:30 | C10: reservar | D10: reservar | E10: corte_barba | F10: corte_barba | G10: creada | H10: creada | I10: Sí | J10: 8550 | K10: =IF(AND(C10<>"",D10<>""),--(C10=D10),"") -> 1 | L10: =IF(E10="",1,IF(F10<>"",--(E10=F10),"")) -> 1 | M10: =IF(AND(G10<>"",H10<>""),--(G10=H10),"") -> 1 | N10: =IF(I10="No aplica",1,IF(I10="No",--(#REF!=""),IF(I10="Sí, mismo evento actualizado",--(#REF!<>""),IF(I10="Sí, se elimina/cancela",--(#REF!<>""),IF(I10="Sí",--(#REF!<>""),""))))) -> #REF! | O10: =IF(COUNT(K10:N10)=0,"",--(SUM(K10:N10)=COUNT(K10:N10))) -> #REF!
A11: TC-010 | B11: ¿Cuánto cuesta el corte y la barba? | C11: precios | D11: precios | F11: corte_barba | G11: consulta_precios | H11: consulta_precios | I11: No aplica | J11: 1305 | K11: =IF(AND(C11<>"",D11<>""),--(C11=D11),"") -> 1 | L11: =IF(E11="",1,IF(F11<>"",--(E11=F11),"")) -> 1 | M11: =IF(AND(G11<>"",H11<>""),--(G11=H11),"") -> 1 | N11: =IF(I11="No aplica",1,IF(I11="No",--(#REF!=""),IF(I11="Sí, mismo evento actualizado",--(#REF!<>""),IF(I11="Sí, se elimina/cancela",--(#REF!<>""),IF(I11="Sí",--(#REF!<>""),""))))) -> 1 | O11: =IF(COUNT(K11:N11)=0,"",--(SUM(K11:N11)=COUNT(K11:N11))) -> 1 | P11: El servicio esperado debia ser vacío, sin embargo le asocio corte con barba pero no afecta el funcionamiento.
A12: TC-011 | B12: ¿Cuánto valen las mechas? | C12: precios | D12: precios | E12: mechas | F12: mechas | G12: consulta_precios | H12: consulta_precios | I12: No aplica | J12: 1770 | K12: =IF(AND(C12<>"",D12<>""),--(C12=D12),"") -> 1 | L12: =IF(E12="",1,IF(F12<>"",--(E12=F12),"")) -> 1 | M12: =IF(AND(G12<>"",H12<>""),--(G12=H12),"") -> 1 | N12: =IF(I12="No aplica",1,IF(I12="No",--(#REF!=""),IF(I12="Sí, mismo evento actualizado",--(#REF!<>""),IF(I12="Sí, se elimina/cancela",--(#REF!<>""),IF(I12="Sí",--(#REF!<>""),""))))) -> 1 | O12: =IF(COUNT(K12:N12)=0,"",--(SUM(K12:N12)=COUNT(K12:N12))) -> 1
A13: TC-012 | B13: Parce, ¿a cómo está el corte? | C13: precios | D13: precios | E13: corte | F13: corte | G13: consulta_precios | H13: consulta_precios | I13: No aplica | J13: 1453 | K13: =IF(AND(C13<>"",D13<>""),--(C13=D13),"") -> 1 | L13: =IF(E13="",1,IF(F13<>"",--(E13=F13),"")) -> 1 | M13: =IF(AND(G13<>"",H13<>""),--(G13=H13),"") -> 1 | N13: =IF(I13="No aplica",1,IF(I13="No",--(#REF!=""),IF(I13="Sí, mismo evento actualizado",--(#REF!<>""),IF(I13="Sí, se elimina/cancela",--(#REF!<>""),IF(I13="Sí",--(#REF!<>""),""))))) -> 1 | O13: =IF(COUNT(K13:N13)=0,"",--(SUM(K13:N13)=COUNT(K13:N13))) -> 1
A14: TC-013 | B14: ¿Qué horarios manejan? | C14: horarios | D14: horarios | G14: consulta_horarios | H14: consulta_horarios | I14: No aplica | J14: 1481 | K14: =IF(AND(C14<>"",D14<>""),--(C14=D14),"") -> 1 | L14: =IF(E14="",1,IF(F14<>"",--(E14=F14),"")) -> 1 | M14: =IF(AND(G14<>"",H14<>""),--(G14=H14),"") -> 1 | N14: =IF(I14="No aplica",1,IF(I14="No",--(#REF!=""),IF(I14="Sí, mismo evento actualizado",--(#REF!<>""),IF(I14="Sí, se elimina/cancela",--(#REF!<>""),IF(I14="Sí",--(#REF!<>""),""))))) -> 1 | O14: =IF(COUNT(K14:N14)=0,"",--(SUM(K14:N14)=COUNT(K14:N14))) -> 1
A15: TC-014 | B15: ¿Hasta qué hora atienden hoy? | C15: horarios | D15: horarios | G15: consulta_horarios | H15: consulta_horarios | I15: No aplica | J15: 1971 | K15: =IF(AND(C15<>"",D15<>""),--(C15=D15),"") -> 1 | L15: =IF(E15="",1,IF(F15<>"",--(E15=F15),"")) -> 1 | M15: =IF(AND(G15<>"",H15<>""),--(G15=H15),"") -> 1 | N15: =IF(I15="No aplica",1,IF(I15="No",--(#REF!=""),IF(I15="Sí, mismo evento actualizado",--(#REF!<>""),IF(I15="Sí, se elimina/cancela",--(#REF!<>""),IF(I15="Sí",--(#REF!<>""),""))))) -> 1 | O15: =IF(COUNT(K15:N15)=0,"",--(SUM(K15:N15)=COUNT(K15:N15))) -> 1
A16: TC-015 | B16: Hola, tengo una duda rara sobre motos | C16: desconocido | D16: desconocido | G16: desconocido | H16: desconocido | I16: No aplica | J16: 1936 | K16: =IF(AND(C16<>"",D16<>""),--(C16=D16),"") -> 1 | L16: =IF(E16="",1,IF(F16<>"",--(E16=F16),"")) -> 1 | M16: =IF(AND(G16<>"",H16<>""),--(G16=H16),"") -> 1 | N16: =IF(I16="No aplica",1,IF(I16="No",--(#REF!=""),IF(I16="Sí, mismo evento actualizado",--(#REF!<>""),IF(I16="Sí, se elimina/cancela",--(#REF!<>""),IF(I16="Sí",--(#REF!<>""),""))))) -> 1 | O16: =IF(COUNT(K16:N16)=0,"",--(SUM(K16:N16)=COUNT(K16:N16))) -> 1
A17: TC-016 | B17: asdfgh qwerty 123 | C17: desconocido | D17: desconocido | G17: desconocido | H17: desconocido | I17: No aplica | J17: 2571 | K17: =IF(AND(C17<>"",D17<>""),--(C17=D17),"") -> 1 | L17: =IF(E17="",1,IF(F17<>"",--(E17=F17),"")) -> 1 | M17: =IF(AND(G17<>"",H17<>""),--(G17=H17),"") -> 1 | N17: =IF(I17="No aplica",1,IF(I17="No",--(#REF!=""),IF(I17="Sí, mismo evento actualizado",--(#REF!<>""),IF(I17="Sí, se elimina/cancela",--(#REF!<>""),IF(I17="Sí",--(#REF!<>""),""))))) -> 1 | O17: =IF(COUNT(K17:N17)=0,"",--(SUM(K17:N17)=COUNT(K17:N17))) -> 1
A18: TC-017 | B18: Quiero corte mañana por la tarde | C18: reservar | D18: reservar | E18: corte | F18: corte | G18: datos_incompletos | H18: datos_incompletos | I18: No | J18: 1380 | K18: =IF(AND(C18<>"",D18<>""),--(C18=D18),"") -> 1 | L18: =IF(E18="",1,IF(F18<>"",--(E18=F18),"")) -> 1 | M18: =IF(AND(G18<>"",H18<>""),--(G18=H18),"") -> 1 | N18: =IF(I18="No aplica",1,IF(I18="No",--(#REF!=""),IF(I18="Sí, mismo evento actualizado",--(#REF!<>""),IF(I18="Sí, se elimina/cancela",--(#REF!<>""),IF(I18="Sí",--(#REF!<>""),""))))) -> #REF! | O18: =IF(COUNT(K18:N18)=0,"",--(SUM(K18:N18)=COUNT(K18:N18))) -> #REF!
A19: TC-018 | B19: Quiero cancelar mi cita | C19: cancelar | D19: cancelar | G19: cancelada | H19: cancelada | I19: Sí, se elimina/cancela | J19: 6509 | K19: =IF(AND(C19<>"",D19<>""),--(C19=D19),"") -> 1 | L19: =IF(E19="",1,IF(F19<>"",--(E19=F19),"")) -> 1 | M19: =IF(AND(G19<>"",H19<>""),--(G19=H19),"") -> 1 | N19: =IF(I19="No aplica",1,IF(I19="No",--(#REF!=""),IF(I19="Sí, mismo evento actualizado",--(#REF!<>""),IF(I19="Sí, se elimina/cancela",--(#REF!<>""),IF(I19="Sí",--(#REF!<>""),""))))) -> #REF! | O19: =IF(COUNT(K19:N19)=0,"",--(SUM(K19:N19)=COUNT(K19:N19))) -> #REF!
A20: TC-019 | B20: Quiero cancelar mi cita | C20: cancelar | D20: cancelar | G20: no_existe_cita | H20: no_existe_cita | I20: No | J20: 3352 | K20: =IF(AND(C20<>"",D20<>""),--(C20=D20),"") -> 1 | L20: =IF(E20="",1,IF(F20<>"",--(E20=F20),"")) -> 1 | M20: =IF(AND(G20<>"",H20<>""),--(G20=H20),"") -> 1 | N20: =IF(I20="No aplica",1,IF(I20="No",--(#REF!=""),IF(I20="Sí, mismo evento actualizado",--(#REF!<>""),IF(I20="Sí, se elimina/cancela",--(#REF!<>""),IF(I20="Sí",--(#REF!<>""),""))))) -> #REF! | O20: =IF(COUNT(K20:N20)=0,"",--(SUM(K20:N20)=COUNT(K20:N20))) -> #REF!
A21: TC-020 | B21: Quiero cambiar mi cita para el 2026-06-11 a las 10:00 | C21: cambiar_hora | D21: cambiar_hora | G21: cambiada | H21: cambiada | I21: Sí, mismo evento actualizado | J21: 7382 | K21: =IF(AND(C21<>"",D21<>""),--(C21=D21),"") -> 1 | L21: =IF(E21="",1,IF(F21<>"",--(E21=F21),"")) -> 1 | M21: =IF(AND(G21<>"",H21<>""),--(G21=H21),"") -> 1 | N21: =IF(I21="No aplica",1,IF(I21="No",--(#REF!=""),IF(I21="Sí, mismo evento actualizado",--(#REF!<>""),IF(I21="Sí, se elimina/cancela",--(#REF!<>""),IF(I21="Sí",--(#REF!<>""),""))))) -> #REF! | O21: =IF(COUNT(K21:N21)=0,"",--(SUM(K21:N21)=COUNT(K21:N21))) -> #REF!
A22: TC-021 | B22: Quiero cambiar mi cita | C22: cambiar_hora | D22: cambiar_hora | G22: datos_incompletos_cambio | H22: datos_incompletos_cambio | I22: No | J22: 1536 | K22: =IF(AND(C22<>"",D22<>""),--(C22=D22),"") -> 1 | L22: =IF(E22="",1,IF(F22<>"",--(E22=F22),"")) -> 1 | M22: =IF(AND(G22<>"",H22<>""),--(G22=H22),"") -> 1 | N22: =IF(I22="No aplica",1,IF(I22="No",--(#REF!=""),IF(I22="Sí, mismo evento actualizado",--(#REF!<>""),IF(I22="Sí, se elimina/cancela",--(#REF!<>""),IF(I22="Sí",--(#REF!<>""),""))))) -> #REF! | O22: =IF(COUNT(K22:N22)=0,"",--(SUM(K22:N22)=COUNT(K22:N22))) -> #REF!
A23: TC-022 | B23: Quiero cambiar mi cita para el 2026-06-11 a las 10:30 | C23: cambiar_hora | D23: cambiar_hora | G23: no_cambiada_horario_ocupado | H23: no_cambiada_horario_ocupado | I23: No | J23: 5281 | K23: =IF(AND(C23<>"",D23<>""),--(C23=D23),"") -> 1 | L23: =IF(E23="",1,IF(F23<>"",--(E23=F23),"")) -> 1 | M23: =IF(AND(G23<>"",H23<>""),--(G23=H23),"") -> 1 | N23: =IF(I23="No aplica",1,IF(I23="No",--(#REF!=""),IF(I23="Sí, mismo evento actualizado",--(#REF!<>""),IF(I23="Sí, se elimina/cancela",--(#REF!<>""),IF(I23="Sí",--(#REF!<>""),""))))) -> #REF! | O23: =IF(COUNT(K23:N23)=0,"",--(SUM(K23:N23)=COUNT(K23:N23))) -> #REF!
A24: TC-023 | B24: Quiero cambiar mi cita para el 2026-06-11 a las 12:00 | C24: cambiar_hora | D24: cambiar_hora | G24: no_existe_cita | H24: no_existe_cita | I24: No | J24: 5186 | K24: =IF(AND(C24<>"",D24<>""),--(C24=D24),"") -> 1 | L24: =IF(E24="",1,IF(F24<>"",--(E24=F24),"")) -> 1 | M24: =IF(AND(G24<>"",H24<>""),--(G24=H24),"") -> 1 | N24: =IF(I24="No aplica",1,IF(I24="No",--(#REF!=""),IF(I24="Sí, mismo evento actualizado",--(#REF!<>""),IF(I24="Sí, se elimina/cancela",--(#REF!<>""),IF(I24="Sí",--(#REF!<>""),""))))) -> #REF! | O24: =IF(COUNT(K24:N24)=0,"",--(SUM(K24:N24)=COUNT(K24:N24))) -> #REF!
A25: TC-024 | B25: Quiero un corte mañana a las 9 am | C25: reservar | D25: reservar | E25: corte | F25: corte | G25: creada | H25: creada | I25: Sí | J25: 16180 | K25: =IF(AND(C25<>"",D25<>""),--(C25=D25),"") -> 1 | L25: =IF(E25="",1,IF(F25<>"",--(E25=F25),"")) -> 1 | M25: =IF(AND(G25<>"",H25<>""),--(G25=H25),"") -> 1 | N25: =IF(I25="No aplica",1,IF(I25="No",--(#REF!=""),IF(I25="Sí, mismo evento actualizado",--(#REF!<>""),IF(I25="Sí, se elimina/cancela",--(#REF!<>""),IF(I25="Sí",--(#REF!<>""),""))))) -> #REF! | O25: =IF(COUNT(K25:N25)=0,"",--(SUM(K25:N25)=COUNT(K25:N25))) -> #REF!
A26: TC-025 | B26: Quiero barba pasado mañana a las 5 pm | C26: reservar | D26: reservar | E26: barba | F26: barba | G26: creada | H26: creada | I26: Sí | J26: 7797 | K26: =IF(AND(C26<>"",D26<>""),--(C26=D26),"") -> 1 | L26: =IF(E26="",1,IF(F26<>"",--(E26=F26),"")) -> 1 | M26: =IF(AND(G26<>"",H26<>""),--(G26=H26),"") -> 1 | N26: =IF(I26="No aplica",1,IF(I26="No",--(#REF!=""),IF(I26="Sí, mismo evento actualizado",--(#REF!<>""),IF(I26="Sí, se elimina/cancela",--(#REF!<>""),IF(I26="Sí",--(#REF!<>""),""))))) -> #REF! | O26: =IF(COUNT(K26:N26)=0,"",--(SUM(K26:N26)=COUNT(K26:N26))) -> #REF!
A27: TC-026 | B27: Quiero un corteee el 2026-06-12 a las 10 | C27: reservar | D27: reservar | E27: corte | F27: corte | G27: creada | H27: creada | I27: Sí | J27: 7711 | K27: =IF(AND(C27<>"",D27<>""),--(C27=D27),"") -> 1 | L27: =IF(E27="",1,IF(F27<>"",--(E27=F27),"")) -> 1 | M27: =IF(AND(G27<>"",H27<>""),--(G27=H27),"") -> 1 | N27: =IF(I27="No aplica",1,IF(I27="No",--(#REF!=""),IF(I27="Sí, mismo evento actualizado",--(#REF!<>""),IF(I27="Sí, se elimina/cancela",--(#REF!<>""),IF(I27="Sí",--(#REF!<>""),""))))) -> #REF! | O27: =IF(COUNT(K27:N27)=0,"",--(SUM(K27:N27)=COUNT(K27:N27))) -> #REF!
A28: TC-027 | B28: No puedo a la hora que tenía, mejor cámbiala para el 2026-06-12 a las 13:00 | C28: cambiar_hora | D28: cambiar_hora | G28: cambiada | H28: cambiada | I28: Sí | J28: 7682 | K28: =IF(AND(C28<>"",D28<>""),--(C28=D28),"") -> 1 | L28: =IF(E28="",1,IF(F28<>"",--(E28=F28),"")) -> 1 | M28: =IF(AND(G28<>"",H28<>""),--(G28=H28),"") -> 1 | N28: =IF(I28="No aplica",1,IF(I28="No",--(#REF!=""),IF(I28="Sí, mismo evento actualizado",--(#REF!<>""),IF(I28="Sí, se elimina/cancela",--(#REF!<>""),IF(I28="Sí",--(#REF!<>""),""))))) -> #REF! | O28: =IF(COUNT(K28:N28)=0,"",--(SUM(K28:N28)=COUNT(K28:N28))) -> #REF!
A29: TC-028 | B29: Parce cancélame la cita porfa | C29: cancelar | D29: cancelar | G29: cancelada | H29: cancelada | I29: Sí | J29: 6286 | K29: =IF(AND(C29<>"",D29<>""),--(C29=D29),"") -> 1 | L29: =IF(E29="",1,IF(F29<>"",--(E29=F29),"")) -> 1 | M29: =IF(AND(G29<>"",H29<>""),--(G29=H29),"") -> 1 | N29: =IF(I29="No aplica",1,IF(I29="No",--(#REF!=""),IF(I29="Sí, mismo evento actualizado",--(#REF!<>""),IF(I29="Sí, se elimina/cancela",--(#REF!<>""),IF(I29="Sí",--(#REF!<>""),""))))) -> #REF! | O29: =IF(COUNT(K29:N29)=0,"",--(SUM(K29:N29)=COUNT(K29:N29))) -> #REF!
A30: TC-029 | B30: ¿Ustedes venden shampoo? | C30: desconocido | D30: desconocido | G30: desconocido | H30: desconocido | I30: No aplica | J30: 2628 | K30: =IF(AND(C30<>"",D30<>""),--(C30=D30),"") -> 1 | L30: =IF(E30="",1,IF(F30<>"",--(E30=F30),"")) -> 1 | M30: =IF(AND(G30<>"",H30<>""),--(G30=H30),"") -> 1 | N30: =IF(I30="No aplica",1,IF(I30="No",--(#REF!=""),IF(I30="Sí, mismo evento actualizado",--(#REF!<>""),IF(I30="Sí, se elimina/cancela",--(#REF!<>""),IF(I30="Sí",--(#REF!<>""),""))))) -> 1 | O30: =IF(COUNT(K30:N30)=0,"",--(SUM(K30:N30)=COUNT(K30:N30))) -> 1
A31: TC-030 | B31: Quiero corte el 2026-06-12 a las 14:00 | C31: reservar | D31: reservar | E31: corte | F31: corte | G31: creada | H31: creada | I31: Sí | J31: 8805 | K31: =IF(AND(C31<>"",D31<>""),--(C31=D31),"") -> 1 | L31: =IF(E31="",1,IF(F31<>"",--(E31=F31),"")) -> 1 | M31: =IF(AND(G31<>"",H31<>""),--(G31=H31),"") -> 1 | N31: =IF(I31="No aplica",1,IF(I31="No",--(#REF!=""),IF(I31="Sí, mismo evento actualizado",--(#REF!<>""),IF(I31="Sí, se elimina/cancela",--(#REF!<>""),IF(I31="Sí",--(#REF!<>""),""))))) -> #REF! | O31: =IF(COUNT(K31:N31)=0,"",--(SUM(K31:N31)=COUNT(K31:N31))) -> #REF!
A32: TC-031 | B32: Reserva corte_cejas el 2026-06-12 a las 18:00 | C32: reservar | D32: reservar | E32: corte_cejas | F32: corte_cejas | G32: creada | H32: creada | I32: Sí | J32: 8485 | K32: =IF(AND(C32<>"",D32<>""),--(C32=D32),"") -> 1 | L32: =IF(E32="",1,IF(F32<>"",--(E32=F32),"")) -> 1 | M32: =IF(AND(G32<>"",H32<>""),--(G32=H32),"") -> 1 | N32: =IF(I32="No aplica",1,IF(I32="No",--(#REF!=""),IF(I32="Sí, mismo evento actualizado",--(#REF!<>""),IF(I32="Sí, se elimina/cancela",--(#REF!<>""),IF(I32="Sí",--(#REF!<>""),""))))) -> #REF! | O32: =IF(COUNT(K32:N32)=0,"",--(SUM(K32:N32)=COUNT(K32:N32))) -> #REF!
A33: TC-032 | B33: Quiero cejas el 2026-06-12 a las 15:00 | C33: reservar | D33: reservar | E33: cejas | F33: cejas | G33: creada | H33: creada | I33: Sí | J33: 8342 | K33: =IF(AND(C33<>"",D33<>""),--(C33=D33),"") -> 1 | L33: =IF(E33="",1,IF(F33<>"",--(E33=F33),"")) -> 1 | M33: =IF(AND(G33<>"",H33<>""),--(G33=H33),"") -> 1 | N33: =IF(I33="No aplica",1,IF(I33="No",--(#REF!=""),IF(I33="Sí, mismo evento actualizado",--(#REF!<>""),IF(I33="Sí, se elimina/cancela",--(#REF!<>""),IF(I33="Sí",--(#REF!<>""),""))))) -> #REF! | O33: =IF(COUNT(K33:N33)=0,"",--(SUM(K33:N33)=COUNT(K33:N33))) -> #REF!
A34: TC-033 | B34: Quiero barba el 2026-06-12 a las 16:00 | C34: reservar | D34: reservar | E34: barba | F34: barba | G34: creada | H34: creada | I34: Sí | J34: 10086 | K34: =IF(AND(C34<>"",D34<>""),--(C34=D34),"") -> 1 | L34: =IF(E34="",1,IF(F34<>"",--(E34=F34),"")) -> 1 | M34: =IF(AND(G34<>"",H34<>""),--(G34=H34),"") -> 1 | N34: =IF(I34="No aplica",1,IF(I34="No",--(#REF!=""),IF(I34="Sí, mismo evento actualizado",--(#REF!<>""),IF(I34="Sí, se elimina/cancela",--(#REF!<>""),IF(I34="Sí",--(#REF!<>""),""))))) -> #REF! | O34: =IF(COUNT(K34:N34)=0,"",--(SUM(K34:N34)=COUNT(K34:N34))) -> #REF!
A35: TC-034 | B35: Soy Sergio, quiero corte con barba el 2026-06-12 a las 17:00 | C35: reservar | D35: reservar | E35: corte_barba | F35: corte_barba | G35: creada | H35: creada | I35: Sí | J35: 9139 | K35: =IF(AND(C35<>"",D35<>""),--(C35=D35),"") -> 1 | L35: =IF(E35="",1,IF(F35<>"",--(E35=F35),"")) -> 1 | M35: =IF(AND(G35<>"",H35<>""),--(G35=H35),"") -> 1 | N35: =IF(I35="No aplica",1,IF(I35="No",--(#REF!=""),IF(I35="Sí, mismo evento actualizado",--(#REF!<>""),IF(I35="Sí, se elimina/cancela",--(#REF!<>""),IF(I35="Sí",--(#REF!<>""),""))))) -> #REF! | O35: =IF(COUNT(K35:N35)=0,"",--(SUM(K35:N35)=COUNT(K35:N35))) -> #REF!

Sheet Dashboard
A1: Dashboard de métricas BarberBot
A2: Total casos planeados | B2: =COUNTA(Casos_Prueba!A2:A35) -> 34
A3: Total ejecuciones con tiempo | B3: =COUNT(Registro_Ejecucion!J2:J36) -> 34
A4: Tiempo promedio ms | B4: =IFERROR(AVERAGE(Registro_Ejecucion!J2:J36),"") -> 5682.7647
A5: Tiempo mínimo ms | B5: =IFERROR(MIN(Registro_Ejecucion!J2:J36),"") -> 1280
A6: Tiempo máximo ms | B6: =IFERROR(MAX(Registro_Ejecucion!J2:J36),"") -> 16180
A7: Efectividad clasificación | B7: =IFERROR(SUM(Registro_Ejecucion!K2:K36)/COUNT(Registro_Ejecucion!K2:K36),"") -> 1
A8: Efectividad servicio | B8: =IFERROR(SUM(Registro_Ejecucion!L2:L36)/COUNT(Registro_Ejecucion!L2:L36),"") -> 1
A9: Efectividad estado_operacion | B9: =IFERROR(SUM(Registro_Ejecucion!M2:M36)/COUNT(Registro_Ejecucion!M2:M36),"") -> 1
A10: Efectividad evento | B10: =IFERROR(SUM(Registro_Ejecucion!N2:N36)/COUNT(Registro_Ejecucion!N2:N36),"")
A11: Efectividad global | B11: =IFERROR(SUM(Registro_Ejecucion!O2:O36)/COUNT(Registro_Ejecucion!O2:O36),"")
A13: Resumen por estado obtenido
A14: creada | B14: =COUNTIF(Registro_Ejecucion!H2:H36,"creada") -> 14
A15: no_creada_horario_ocupado | B15: =COUNTIF(Registro_Ejecucion!H2:H36,"no_creada_horario_ocupado") -> 1
A16: datos_incompletos | B16: =COUNTIF(Registro_Ejecucion!H2:H36,"datos_incompletos") -> 3
A17: consulta_precios | B17: =COUNTIF(Registro_Ejecucion!H2:H36,"consulta_precios") -> 3
A18: consulta_horarios | B18: =COUNTIF(Registro_Ejecucion!H2:H36,"consulta_horarios") -> 2
A19: cancelada | B19: =COUNTIF(Registro_Ejecucion!H2:H36,"cancelada") -> 2
A20: cambiada | B20: =COUNTIF(Registro_Ejecucion!H2:H36,"cambiada") -> 2
A21: desconocido | B21: =COUNTIF(Registro_Ejecucion!H2:H36,"desconocido") -> 3
